puuid,leaguePoints,rank,wins,losses,veteran,inactive,freshBlood,hotStreak,tier,riotName
X7a_vms0s5qHv_P1Xo5ShLjayQhqIsAEz214h5xXPODKWTlNLZBTDd5xl_rukjCo3yZ8sLZicprVAQ,1804,I,393,322,True,False,False,True,Challenger,바텀그만죽어제발#KR1
ihErXRxZkIbmoavetRr39aDrJSFH0-1N-_Km7n-SRxRiS0B04dMotRnP0gImeaKuz2hYccyg-__3Dg,1803,I,451,311,True,False,False,True,Challenger,만어리#만어리
cNF848LI-UGSF59w4E0HJ7nW4Ia6ykMl_3KhgIQn347NO4Q2CyzpxvzrHtpW91d6DkcFk_LFYzQ58A,1775,I,288,138,True,False,False,True,Challenger,ROC Panda#Panda
AJRNXyyBy8CYt0dl3Nze-EFqTYMTbYtNFQziAV3TuAYLVruiS9KuBDtQ2g43zPsD9TgMlm1CSJs84Q,1765,I,293,190,True,False,False,True,Challenger,Kanata#TFT
9GgkL-cqGiAx2I16R7gbEHypMqhggeSrZsXz1SRz7ggYC-_qdJ8VpPjOUvLqDWib9_WweaJLAkcgSw,1695,I,339,235,True,False,False,True,Challenger,엘무무#KR1
Jp96c0tD_sBQbjDxDHWMYta8r9173sm70hp2jIE5jeBaCqM_erjvsEX6PTuU7vtPfXoVGohcBqTDfg,1669,I,361,299,True,False,False,True,Challenger,오리너구리의꼬리#KR1
hXDmGEH59mUnfrg-lBRC5kDINDWpV3Tmak0DjKvBFJoA9J0kaAinvdMz7aQtSFyGkLJI7NEep_6w9g,1582,I,671,484,False,False,False,True,Challenger,MessiOfTFT#KR1
7lWrVhOcwj9Pvr6jfpPqADmiGWcjB7UlmE24IVN88zrELGX5v-vW2Kj_-JAa-VjzUoAS8fPH5RvlTg,1577,I,348,246,True,False,False,False,Challenger,zxc12345#123
6kpcRoruacwEuqNBReTaqDywJvKx-It1XEGe6F4-NdEUq4PNNuiBuSSq7YnaVJuvrT6MXeGROtgT-Q,1552,I,832,606,True,False,False,False,Challenger,클린유저 홍성하#KR1
fyIy99Fr6QX6JYirgx6L3Ij_gvTQAGWNl-KQ-nABOfKwCj287smAilVS3xJDAkla6zwW0w-fH4dL_g,1538,I,393,282,True,False,False,True,Challenger,티치갭 Yugggol#김육꼴
lmjxNkxwMaBU6d6LG9jGj2VfIIHrxaf8LubwGrhXtSJ_nPCyH2osjP5qANOdrmBlnBrjYaVN9fe4bA,1525,I,518,249,True,False,False,False,Challenger,띵 땡#KR1
Plz0G2RnALNCnJ_lLYiLE7079s-ixW29iP6PCjWUWc-GdBYkIOSzJOgxtk_M_hHia--VN7qkT2-Qfg,1515,I,241,159,True,False,False,False,Challenger,이년만#KR1
lJs94fGHNnwH-UVrWtgNM6iU5pgaDlj6jdJNq0_o5cpfKdP0mIGaBt52lK60W7nnDgtX5QYDReF3KQ,1507,I,284,171,True,False,False,False,Challenger,102#2600
O4kQVUpMvEZbmPX_TONh72X4NZgOdgH0m3ZVf3T-IOFipdlJYCeJWk9SAcBdcybwJWSPJMc_pSXQwA,1493,I,224,138,True,False,False,False,Challenger,근연만화#TFT
kDUz5Qn4JWSM2zQ4FK3PjAfiF2Cbi5K-ekY-SMAvlAuheYnZ1gNuNQY8IO72gWxAttnaXrinyIgf_g,1491,I,304,163,True,False,False,True,Challenger,Mid Ezreal#KR1
0B5zqpQbGM7T2uNFYwoltZBvxW4gBK8cUMMKD_y3ayGDT-RYAmsPQknljbCTLzXl2uzBY0P2lr_Cmw,1490,I,644,413,True,False,False,True,Challenger,메붕이#ISTP
FqhcwWpiAuVoHpMza3nrjwS4Xo9PVMYEmMPsl33JfD5a3HjpSaS1gNVqU1QYxyHB2WZGtkomeCh_gQ,1487,I,172,111,False,False,False,False,Challenger,치킨킹BLT#KR1
pk0qHWK-pztx31FHtFw9ZDu1VvIHbiFFhC6OyH659pIO1BZNyBFaxpKipP2NVP3OTGHy62_Gv0kTxg,1477,I,340,235,True,False,False,True,Challenger,ROC Ssangyeop#ROC
SWPpZrL93pXfSU3DNQSYg5Grzxwv63qMmQVBAvwIoyYhrijJklKWTH_KbTWUNaWG7UbWNW121YXjCg,1476,I,241,125,True,False,False,True,Challenger,종범1#KR1
Z7hlitmRN3shSpY7UlXmR1jF9FKYDstw1zhJ4XWtZJBKFiuSZ0Bvttmobq5bOVmDb3PokAahjl0xKQ,1475,I,338,215,True,False,False,False,Challenger,지보배#KR1
kw3Xrxn3BxwX0ztJLdQ1DfegSvv4WDl31CqeE7khJxJCaYksZpvjNmF_ECtJpxaCy3BppUbE7VnsnA,1475,I,133,59,False,False,True,True,Challenger,steelo of bora#azika
j0533H0B86Aap_oncLbR_hSePY36W_IpMsFO2PWYAHhYXc5_qW9_o2mORlWNVMphg9-m18sIiW7ajw,1463,I,224,134,False,False,False,True,Challenger,전형수#KR1
3KguYfu0NWRrrE8JKU79CahyVmb5lDTabLe37DxoEGAttYh1Gn7jOglR1VKzG8XSjCCWJiGEDzd3ew,1452,I,143,71,False,False,False,True,Challenger,06년생 롤체1짱#TFT
EM2UUs4zNm6LQ4rgqZrJKA0yhB08CEffTWq1medh9U-xOWp5fJ3ofS1ia1iuY4gm0mQrxBLWeWoR1g,1450,I,184,97,True,False,False,False,Challenger,졸음번쩍껌#KR1
fhTkWf40YNzEkruzMSsMxM9lbv1DfyO2AMKr0pt3YdUw-HYf_kDdlCP641Ghk7jFx7xEd3rz6Ui3og,1449,I,353,218,True,False,False,True,Challenger,세훈에몽#KR11
t8h72X37xPEdig9OeyhL7W66QS-OqxRspmq8OrwUrtELKJvPLFhmTLqRNPxEcEMfOfrnBikGse6Aww,1442,I,278,216,False,False,False,False,Challenger,선종아항상겸손해라#무지성
xmkgzADnL8XUj2Wn-3-ngHRKrVqpMGZCUfoZgWD7kOxwIzxJgQqEic92irr68V4cjxuKlT1tO3-Zag,1437,I,213,146,False,False,False,True,Challenger,Aalc#KR1
Y251v-33mlhr2bKfah8SennHmlDHHaBxTXe8hqwWvRxA5xcxuMUK4PYFdhfwG5g9mSGYll5wP02XVA,1431,I,147,80,False,False,False,True,Challenger,Hyun#H10
UtmcGRo9tKNRw8CQ-5WK5wH1hSoqM2Y2y-Z9Z5de7LTKiyott6W4YeiRdnYcRlu6mVtMEleX9mmSmA,1424,I,467,380,True,False,False,False,Challenger,gogongsing#KR1
Z4TDXv2VOkzomcIjdw6vTTJ43E2b1TrMVQGae8LyYIoVbfG_8kZz6WgRHejISxX2cz_o2ST7v0sq-Q,1423,I,583,448,False,False,True,True,Challenger,가렌 김뚜헝#6266
14gCX9jYV1-FIjjMAx6pGgS36hHGx_WTnQc4Imp1saOFPwez1BSz3npYtkpc8mcrI-coyZ1cuIU-uA,1412,I,457,372,False,False,False,True,Challenger,클로버#1111
MVOeqLW-Rkg_wLj6bYbIJsJTgCAywVDMvbXgaa6Vg68-RlwtMmLDNHtzaXHlX0OPxOss4zilClhKsA,1411,I,263,207,False,False,False,True,Challenger,들장미#들장미
KDnvNLFz9qUsOn1IRh9v9HaPh_4jz5VwERckQkP226XDX8qx4jgU7ua9R3ILJj-rpkvgtxMMmRg6Tg,1410,I,547,372,False,False,True,False,Challenger,김준민#0213
c26NU3tk-pPj8d5C1rfU-pNSMDhBhQVbFuZIoyuQ00myJIv7WehAXzyU3xce4LuBT1v3L0PJ0s56sA,1402,I,372,226,True,False,False,False,Challenger,Souly#KR2
8NydjoUk7lPNtm6RdQSjHepkDHhRWON8VqdrPtTKIALx3fB1hxUv0VWmCxHIrej-H6zJnjvM8uzdew,1398,I,168,95,True,False,False,False,Challenger,J Y#2002
sqLS9R6gayqA_ses7pyu0XiL9pLP7GECAGI-QexEqSmxllxfyiaaVoZLAC6fwfd3Fp70CcDGl9rB0Q,1387,I,183,115,True,False,False,False,Challenger,보토르#KR1
MZVk1H4kvDMQsx4tmz78NluIhXM-nz2kiDIr9r6raMsIEbrn3GA6x5a7ClGoJJEtdAhf3jf0BoZPeQ,1386,I,323,215,True,False,False,True,Challenger,백승민#agent
RhDMade7FfvW5vLBWiffKYMu_RS14ymhx4owHQtc89amD0Z8auGHx6sJMNFxSZalu-7xhjQtpUZ3rQ,1386,I,201,133,False,False,False,True,Challenger,귀 지#코딱지
TXt6lfI3djqvu8KPFRLKpSKTksnOyUXZvjWwNu3j0w8wQ2wWR-QKD1ZN-jinoiIhBw_NhtlKIlfs1g,1382,I,184,126,True,False,False,True,Challenger,록 리#하급닌자
qjM1uLIzw_LS8RMG12UR5n4fg2k0TZ93-DQNAUNsIil9xkrC5ANEwUCnEYbDAL7icVkP33G_V5A9pg,1378,I,256,177,True,False,False,False,Challenger,flux2game ADC#KR1
VoQX_h2tXpfzfMannsCvShSk9-tVsy1kemVlBzwqs8cYFcQSxfbzuma9VTHeJu_w2041ua6BnW8Ocg,1375,I,217,159,False,False,False,True,Challenger,모두라프#4788
7E2SYLKVZGVSlQGGIepyqKbhRSIrlhr0g4RNHMdFOq-nFO5jsyOnNmP_v0Wi6_duaO5eOlfPEknMvQ,1375,I,180,108,False,False,False,False,Challenger,가죽부츠#역시구신
RecuCWuMBbQFFN2T4_libIkYIgv70DwukzGKzl3uttnEFpQy7k5KgYJGQqOGmcL0Jwn7SsH-spTGnA,1359,I,441,377,False,False,True,True,Challenger,시 로#0324
jIeOaE66qby2EpEFGmvpZVWRjHCzaDav_kG-g4ESY1RmFbryOdx0OnAjjvB9hUvr0By2HXv37MVlNw,1358,I,376,264,True,False,False,True,Challenger,앙기몰스#4333
24n7HR1YAFvVmmz-B0qigKDFvkDh4BAohHCozMvV4ysF7y7b_QFHbq3VxaKOmJWOOgFuVQSq0bqsfQ,1356,I,765,671,False,False,True,False,Challenger,겜좀재밌네#KR1
hpP8iaIznjR1y27Iw_ytNaPwzmT20nWprCgxX4_D2TB_CxD3_La0hL1ffkfbNsShADDzo5GiXpUOXQ,1355,I,473,345,False,False,True,False,Challenger,CAP#G305
GPDEaTPAuLX7cZIGyC_TN9TubUwnHfSg82upqv4ByFF5c1-qpseqT0dfDk6YWFmR6nDblMWOErPc3Q,1354,I,283,210,False,False,True,False,Challenger,식선생님#KR1
uIzyAjDosSAEZUrq9BSEzYcz2i4hkuGZWMMfy2dDKjwxXTbMgSWyq0XsnTRkvoPbULrlLLgNKAdI6w,1353,I,323,209,True,False,False,False,Challenger,엉망진창 메시#KR1
J_o18IIXilk8TLc8cbeF1h4D1XDL4x2Yyazek5N1jPY0Y4rP1qZTGYHAVCSKqBLMFZN0mckZ3JV5lQ,1353,I,301,204,True,False,False,True,Challenger,건우 더 그레이트#STORM
ILNqHwKt8-zjM3orSTmAhoZ62xBehzwn1v3_g-AEUTEYWhF0kgHDyrnyAlXvfDLt0DMDgePbfZwpnw,1352,I,415,282,True,False,False,True,Challenger,클레스메이트#KR1
ZiiHpgAsW4bNf-D_wwNenfV7Ffq5GLmTxq1NnysHcoO4x2dI1YvSBjgTUQ2y8EoZOc_4ol3srio58Q,1347,I,247,174,True,False,False,True,Challenger,도원결의사라있네#유비관우장
Wk_KdvQFgY4DGkzjb3puVFDZsNktiW3arWfZz1ugGsYhWxS33Yigh16_cyQcF0talJn0GFrpcTGXqw,1346,I,491,405,True,False,False,True,Challenger,뿜뿜이1#TFT
uEFL7MTuCE8EE3IikdMo9Rfhf1X8cWXYZehb0EVLv2077ZLXsWrCvPw147VtKbY5t0sOI_bC6rQsgg,1335,I,525,443,True,False,False,False,Challenger,망코많흔#KR1
ZbssPcu8PHvpxo2gQMKdlLTZPTrZ4Wltt1utuB4KkcOeMNK-QfkqKkJMBE9LtZ1o_qrMyZ8ejyRRPQ,1334,I,266,198,True,False,False,True,Challenger,유 리#TFT
riMeua8JwN0D7Qc7G1mIX9JIRW_XERh6RiP5KdPkXFBnWvG8WnwUuzOB-cJiMDH09YErSuxB_sT8Vw,1325,I,427,314,True,False,False,False,Challenger,인간바론#TFT
rxU0aTNnMogvAra1HafOK6Y1vfuuleqS1YRy1JNaDPn44Mn0TVAFqKi9fbeS8aw8VaBLrV_aq1FTTg,1324,I,323,274,False,False,False,False,Challenger,상mini#mini
nDeThN-5l_YFlwlHpJAd4Qr7aipoBJoirV_PLobVqvOX-1HwvY2Qb5H4Ap72TdWh2ytyO-H8fRH6WQ,1324,I,305,233,True,False,False,False,Challenger,발 명#1234
O0SbHxnDvywmBN1NUDIOZc40nx6zHnUMeZhI2L-LMyaEOkG_c-69UuywbKvrBy15fyPm0FoR-t1HMA,1320,I,303,254,False,False,False,True,Challenger,벌툰정자역점#KR2
kG5Jqy1HHgpFpOrYnBhhOo7wATIUHrtDnAR2BOsHfWorJn68OgljaA2bTRhN_Q6CbBBxGjzVP1dN4g,1320,I,124,70,False,False,False,False,Challenger,북조선집행자진우#KR2
O8SuzG52LDZPVR_Wzq0rltgWsgK09V4LZyANoI0VHkPOhplWXW_GZjtS-K4zE6I9AA4b-869n2DfjQ,1317,I,205,161,True,False,False,False,Challenger,정동글#KR1
VBHfFPgaUaMPT5U0Uzl5MtFkf7nodh3VoL4Sn8XxtOg8HObA7uZkDYQgsgtqsVlOxqest-s-DnkDlg,1315,I,331,217,True,False,False,False,Challenger,너가 좀 알려줘#Chzzk
x0TCgb5cr31s_eb28Dtl7SFL2mfLdOzmlFaVyAkiNCCK9bn029TpPAOV_6Ne1XlHdTUebmYXqFY3SA,1314,I,131,61,False,False,False,False,Challenger,이터널리턴#좋아요
uR7Z549Wnx_f5RsztNAwHFI8NCKDOcY0rqZAnt5vOFtvBR6vNnuB5ehoBoWj4EWUOKM4m5O11Y81aA,1313,I,249,177,True,False,False,False,Challenger,8등의 악마#TFT
dXvBrC30yN3ilxlWeoP9Y5kFSuALN1RxgZkyJdfl1yuc6WseA3Fwxes0BV1bY1brAVGw7NcePBBOsQ,1312,I,320,274,False,False,False,True,Challenger,림 푸#KR1
UuwFqGuP5rvTvjRcctDjX6fio8_M5H7Out6W5mFKZzs0XECPtPtrYmv4u54aXN_vDG8t6ZaSzjcUOA,1312,I,310,221,False,False,False,False,Challenger,모 찌 늉#모찌늉
6c7lnJMXaO9yc-7cbvvbStwB2TEb-A3xFj0bg4Cykegxw-yF8n4cMOwyKwKxJMXgTIEjmuKQU45FDQ,1311,I,204,126,True,False,False,True,Challenger,윤뽀링#123
FtkcVx5ydl8xlJa5Tl1zZKup1nTazQWwGiNufITCEqT07ET3P9GuxSxROyDe-dde4Hy9PSxak5keqw,1310,I,124,62,False,False,False,True,Challenger,주는대로가는사람#KR3
Hm_uP1HeZItUFA_Q1wty-FG_GvSWcMMKPVScIEWGWmyRo4ntF_JLtj9dBjVwI5yadwYjHFvPbnP2Jw,1309,I,328,256,False,False,True,True,Challenger,부산부산진구부암동#개얼짱훈남
0zABnHJPLXPAKZbyC7Ed7vDX139wMIBPW_G8uHTLC1mh4E8MUq2jzOuK4TOFpoWIXLrLOxOvq8FYGA,1308,I,459,259,True,False,False,False,Challenger,Dog Issac#eProd
2uISegGjwxsXL5bVOrkBmGHH8x2vpItsXFpk6nkg_uHAE6nvnnsZsYRLZe4GFxDmW6-PvJ7hvpa6PQ,1307,I,382,314,False,False,True,False,Challenger,enaek#1234
1zCgWJLCJcm1sbeFxotB_2-QOkNeDEwlZoNSXZXmJZkmMlEoWfzGUProhv1FGCzDcAiypW91_f1FwA,1306,I,408,318,False,False,False,True,Challenger,TFT pro#4080
pbj2gGXadX6eJUaVay0xO3R9sYMp4xberOttZUzdNB-n9F-j-KwTtks8_3vKH2PxvNG7VC9iE4WBhA,1305,I,288,230,True,False,False,False,Challenger,송제송#송제송
P5nhDr2SXkECCeX4ZhP6fQJmR-FX7sYvZfPNG0oyv0uXT80eMts2K_hsbmkSrpqmN5NipEGhDhb3JA,1305,I,269,210,False,False,False,False,Challenger,하쵸코#KR1
H_IDZUMz9fvavdwW9RRH81d0QSLphjx_xMruapu0D37INff64amcX_KisnkkCkE4Gy517hof1xyAyA,1305,I,146,93,False,False,True,True,Challenger,Meowrice#kr0
-JQRaJBlZTVfq5bkuPT_gjCOKEI1IRlZ7TieLKlQL0kEdoPUgMI-By-Doz-Zpdfq4gy_DbwGleEdgg,1302,I,374,251,True,False,False,False,Challenger,혁 듕#KR1
k9iFvM6BNTBQV7g7N09Kc6Rh0KoPDBNZ2vodMExv38FC3b0e3hA0f-oTo1luLpLxvfXBPucB2f1V1g,1301,I,687,401,True,False,False,True,Challenger,고려헬스클럽#KR1
-OzdEzgQkHktP-CktnadHNDL8Tj0BgOhb8hlXENBRSWmC-w8MAPlbOKxqXBFCFNk_KPiaDNv3fyYmA,1301,I,299,253,False,False,True,False,Challenger,심해만은제발#KR1
jolJtlChbgML-9IOB3wkMqi8l4PkryCe1-XFGNld4YeOR4FbVUWB03PjnoXJ5f1k812ojB_6vrFD4A,1300,I,304,253,False,False,True,True,Challenger,jonoah#KR1
R63bpps_u0RPVumf2rF9p94KWCtZ6-NatLzYqpYqUnHnP0rY-LZiiDolYCN3Kk-JbzXmhGpW3g9dfw,1300,I,121,78,False,False,False,False,Challenger,또나만운없어#111
zu5Y0THZCIOQ0Nx3gwCwIZoyEKbkhmkIl0ThidVrt6vvhggaxGzPmzvJlWncF1hkWv87uwKx-iAYyQ,1297,I,427,313,False,False,False,False,Challenger,챌린저 문단속#KR1
RjSmVNKTHbpvytFvvaQN-yBEEA6G4z97i_OOmhaoU8SZKLaajW6AEw7Tj_uHSmKtwKeuwTZn3PVaHA,1295,I,401,267,True,False,False,False,Challenger,마빵왕봉달이#포카칩블루
4xqhUufIoXeBtMVpLk402FiVCX768h8VE_PDmFJQcWHfZvn3W-dH8AeN3BGrCI9pT8VFkmhkvtqZPQ,1294,I,362,310,False,False,False,True,Challenger,필보고챌#KR712
pRn35ddcMVk-Y0fTLOoCA8PNu7SVHH2GJOs3YWqSNCwOGX91aSYLLeFyVkJBB1jJQiGFtyNCF4jNUA,1289,I,117,65,False,False,True,True,Challenger,밍지설이#1009
_xlWlSEKMj4oWUYEcyCwecY71rNHCWdgFf-ziEdQweeHxIO8MMU3a4CHi04JkfyznKFPM50xPAP1bA,1287,I,555,484,False,False,True,False,Challenger,고고개미#고고개미
imIpUESkoI14hkqXWLFlibbP7xBabkRXKgK2M60XRgwJ6A4M2xyfGgwY4SG9oQjaP_aDzmhVI_zPLw,1284,I,696,448,False,False,True,True,Challenger,강선종#KR1
7IeF87L0RGNA2p8LWH9rX7e7S9RLtP1ecbcgGWegvTmcTbAdF-yVL1lJk7olu1E0XMr4LGiVPu0HVg,1284,I,588,495,False,False,False,False,Challenger,코끼리비스킷#KR1
bacMStYaG3XcUi6TqTh8_P5s9KYuTnjXRYv-GXfNW_uIj3djjxE33jF7Qobt2C7O-S6Vz8Wh7IwdTw,1281,I,323,272,False,False,False,False,Challenger,루도와이얀#KR1
GmdfXdmXmZrYVn4cmmIC3coSNgh7wsBEjzi3iUthfzHnVymE4lldkEHwYdc7SUsGDIdCxd5mnIBT_g,1280,I,381,341,False,False,False,True,Challenger,점수판등반#1499
uO3mdIG1O5AodZw0tXjjydG4gafN64daEgH56LSON9hfyAzn5p36MrffpAmIkTknbEBB_LlNgPLZng,1278,I,292,224,False,False,False,True,Challenger,방호레#KR1
Hg1UZgMxHTdLLJvey37-kS17Rldk0KvbfaXPWqUlHUS2hAt_eol7EChQpL8nNTjQhRzTCaVzXzB46w,1277,I,510,355,True,False,False,False,Challenger,땅땅이#1234
gwaDuLt83WUfzRb1vs-zvATzaTHLf4FC2PZXC3MjTqpn9tVLKrPE4uoxVB6He-__qt1yIcFdIdKI8A,1277,I,226,177,False,False,True,False,Challenger,deoile#KR1
5HQqD5R3bvPFozy5vxDUiO4Iw3VwxLg9adl3okvYCt-fRuuDuubAGDEQd2GfRuRhnIP7a3TMg-Kxyw,1276,I,364,310,False,False,False,True,Challenger,마퐁이는 카리나#HAPPY
ii7ScWRYmmL5_zpRb4ZWc3vCXx0OIvDGGuV_uZh8mjClpWgOX-oymZRUNiX2YE3Pyi0MpBG-5Ikp0A,1275,I,359,275,True,False,False,False,Challenger,소나기#고윤하
jjd0iNZtpsJEu5Z5W5oAtUB2aCGdVOhFrjjuHPsgdOP0ijAU9elJxYtsZem3iUY--32xOJ_4WNUKgA,1275,I,322,242,True,False,False,False,Challenger,삼  디#KR2
EtojhuroiGtdXFQKJHak6llvMLcgK07DppFFL3dOD4HoDbdZX69p_N_cYQHIM5-4krM0IZmse3Vv-w,1275,I,119,46,False,False,False,True,Challenger,Chess Challenger#Chess
pkxdovH7B8Yiz1RVp5x0Zog8d_gqmrt8tDA2PhEOsqqHLpMqPlqgf88OJ3UuXWF_bnQ3UYe-Xmhfyg,1274,I,521,458,False,False,True,True,Challenger,난 슬플때 풀캠을 돌아#매일매일
f9H_CjTiAT0xrvUnx2Tph2tduY4TByJiWeDaoQXz2PKbYFCfilXjXBVo1VjmrJRpcbnkMocV3_P_fg,1273,I,525,410,True,False,False,False,Challenger,우혁리#KR1
N7kgt_Wun1kyb4KONhtAp7of3e2ospXtphBd6xKFLTzdcZJS2O0HaXYguKeE7x11XSMGbEt3JMqB_w,1271,I,775,784,False,False,True,True,Challenger,카이사만생각해#KR1
nPf0jWU89UEIg6-YZwy17xHRNtmth7Y_QSyJhedq67FqOjhXfWEyiel6h9xUYMuWyIi7F-3nmb1T1w,1271,I,130,75,False,False,False,True,Challenger,에레다워록#KR3
JABAHFEJhsFUYg32CmHFrtlz8Q7nt2UkX7GP6MjpLsKs1YDSb_xYul6XgPzhJAk9VZxo4oO88esUNw,1269,I,359,288,False,False,True,False,Challenger,노금향#일베안해요
HSsGsj2coG95ZHQZJCaa5rSPDBwkLizDyYmDy9986Fwc4wP_ANg4KTNGkyYPsGVPVonuxxWnaRfr7w,1267,I,479,429,False,False,False,True,Challenger,호양이#HHR
dcHUc_3SO-VOPrx6vJY0gUVmyJdhNHBWb9Syt00hLqQUuzr6YUq1ntWvKXBojm0JvBTuKin7RprriQ,1267,I,216,168,False,False,False,False,Challenger,공룡박사 푼봉이#KR1
1fBoCZ42ij7Ab_0JnemI_imIlG2gwFGWnoFW9p1vud9q2XJUqxNe3wOLOOyVMafgja8GTiE2UT3ZfA,1267,I,209,164,False,False,False,False,Challenger,롤체6재밌다며#KR1
eiMOZ_UkSzn5nAYTBTMY-4DSwhj3litNi_zw1DRKXUtdlwPJb4968EIXoevWG-tcgajIqvWSPxfPtg,1266,I,501,388,False,False,False,False,Challenger,dunizuni#ema50
Pv4PAu3hp42N_eVKMu_RvIJxi9uOIaOdl7UrJcSGghlGsYmVuALTynQMIka86IfMdn6a-2Z1L1L8HQ,1263,I,177,122,False,False,False,False,Challenger,항상피곤해#하아암
bfvSCPLsiGkxfrYCmi_NyhQhqBTH-cDBGV2qa2fC-h1yEF2wjrwr7RQwbRDK6EhM1dgzWbyEFw9QoA,1262,I,291,242,False,False,False,False,Challenger,저로인해화났나요#KR1
gjuRj7p-SVgPKOhV4ArRoJuaIiOW8BE1VjPO6G4YDRXzO9RDexXcWIEriLF8saUcAMMbP1CRWnhJnw,1260,I,554,476,True,False,False,False,Challenger,튀김우동#우동튀김
A0N3SEuE1g7iUuDMkjvDSg0Hze7wPV0J-y5KgYVd6AVHSQERKXjWf8cHxWDAbo28xxpWyU1vW63e4A,1260,I,323,220,False,False,True,False,Challenger,다냥꾼#다냥꾼
1roPEWaakUR9hL9UtSFRehy9q_UBewe7j1zhzNPh60BrG8nhgBMpY9gmBP-sQlnl87MIgFWAFnPRLQ,1260,I,302,236,False,False,False,False,Challenger,TFTafterSEX#TAS
hZ2FfYcx-w5IAPrTtK4zf0RWaYA7QkARmh2DB12c5nEVkkzKvnolAfdQKQMDFuHgNjXVdo4p-O2pCA,1257,I,303,251,False,False,True,False,Challenger,벌 달게 받자#KR1
_rFrZFllde45oEG3mKMjxMwhEH-bsBy9KZGesjXxqJyfbjfXrCk_DHAbL8uH1CvQwaE8nep9XY714w,1251,I,656,566,False,False,False,False,Challenger,Levi#chess
Lr9P6p2P7Qe3oVcN0Dj7UyeXPRlCx1BcmSrbToYRDK7NcXJhVb8l2-Tufkrjv1z4YfsV2abCJt6Xug,1250,I,391,341,False,False,False,True,Challenger,BaeUm#kr13
pDwxjhymULfx1pVhwCT9oEk9pbqcaXpBlBVYj-EELD5koOiwRcUZQ6wNT1VqU67yRaRxf0FZi4a1Cw,1249,I,275,220,False,False,False,False,Challenger,문현이와용신이#6736
J_jcM0Ny0uIlhyUdFR01UhVWRBVFgPGP7mOttJJ6hw88-B2h4Ssgc8evZzNOHkDAVO7b7flhEc4L8g,1247,I,343,271,True,False,False,False,Challenger,개소리 한소리#KR1
MC2wvDDgLI68e6vxGeN24h2aaeyf0z1ZPWIi09LTa2JVhQ7u9CDn74wImnqbootLvR_SGpgZgwqHrQ,1246,I,254,218,False,False,False,False,Challenger,선강타#000
-l1fwT7-xcChK0Eq0lqmCUNVDTJvfNvI_uuUDxRuAA2PPpMdfXbIltvxmR9Tah1GI-1Jnf6HAJwYDg,1246,I,235,167,False,False,False,False,Challenger,prometheus#1210
wL3SW-PeLAqLTtBVAU2LAE_mIzWnncULftI0Cbkr92NAwDRX68iU_3rYp9Y8aNJ7VP9h3IFmKCt4fQ,1245,I,222,163,False,False,False,True,Challenger,스톰리버워록#KR1
NqSzCtg-O30VMxvZzB8aEJlPyqmB4td3CEBosJtqQt5l12LYQ4FcbTGV3TNrxqPixLgO6rGZzrPTyA,1244,I,596,521,False,False,True,False,Challenger,람모한초밥#KR1
5WWUSI14x6w0lBsBIjyt-e0qovuZke8QwoEhOVa7PsK6o24CiRnpa1YqYZEeZvpxA1AhE-q2wo9UhA,1241,I,389,279,True,False,False,False,Challenger,인성파탄난쓰레기#1234
uyhZexa2rq5gbRteh0BZQm7kZ_LuhgXaS-4p039C-T-E7RQHkKQHcUwZQpDRWT4sPi7UWdad1Ocwyw,1241,I,285,223,False,False,False,True,Challenger,젤 링#KR2
l1Sj_EJBkwSmwkf5RdMXeTINVca_1C40dTZoKNVt9VnqujJNd6ZU9xTmE6Q5WfdS1rQN5L74eI7yuQ,1240,I,473,403,True,False,False,False,Challenger,허민욱 전용 백정#KR1
aevIvYZc7wXKnilYYvSs1NEo3I_kV0Q7t2yJNv9Rn6a9ZuM1Uw-IuqWey414SpoDh659-igDo8eV2w,1239,I,534,483,False,False,False,False,Challenger,24554#KR2
QfcgU0INM08GrLDn5G9WbxulIpx2ZduAn41Uho2M92PtQmT7QfBqtibzRPM3oQXr6jgH17eNLcr0DA,1239,I,243,184,False,False,True,True,Challenger,아의선생#KR1
BQZ5B8fPhOoyEXZxTZh5_K6L8lW4O40IcKrAmv9ccg0gMILhufVsUVd0Xy70A-0D1380t5CbaE5jmQ,1238,I,151,96,False,False,False,False,Challenger,강하다 박주성#KR1
et8poIOKdyTPXtkSFTqWHmhCJzjLr7Yxy7bIu99L8Glb10A9gewqnxNLbcG7MjIJUfUIKFIYldCIXA,1237,I,356,297,False,False,False,True,Challenger,효띰이#KR1
txk53m4WRG2uKG4RLCTnR99MoO0ozJBJo9lWzhYrH6VghBz-k7rg6GyhW6wyzF0_EqPCeb5TCqDKxw,1237,I,336,239,False,False,False,True,Challenger,Carpe Diem#0124
l4D3gcZHkTfkTQgDqJNqEZzhvMLP7i0Zqm6z5qTD4m9m7Xm25rR7Z5wC33aXSHXPSWjEl7h5gtntvQ,1234,I,890,864,False,False,True,True,Challenger,꼐 속#KR1
Dd17jyFyrOPLXFB_bYpB1nxdF13Lrr06lqZC_mFU510tfc-u1tzhrizTFpv5VdTFiWF1ouVOZ0ZCLQ,1234,I,680,559,True,False,False,False,Challenger,난몰라#KR1
WDGAMdvD_O3fHFVYtEvGwzmgynGexVZkLoK4o1BxHuMFz416r6OplZB6iBARuCsWhRtmsLNNdK28fw,1234,I,496,416,False,False,True,False,Challenger,재스이#123
Qvw4dLSuTSkUjjjmSGFw3433Ekd_VIwG2DS0iwbT62VmqGRpJz5B8AlqBiSkBzHalaQC8EkoMwKnow,1234,I,249,182,False,False,False,False,Challenger,베이스 여왕키키#KR1
bUlGVH1NPiRCgqnQXjvPmTXdshCLONPvZSJ_WPAp4HG_7HpII1Qu0ah0wCBZSrMeyLfXxYuDES1OPg,1234,I,170,114,False,False,False,True,Challenger,vella#vani
uasl5MENHm6ey6VtCc5DZnJVQJjZ7KDYREa35kUqUshMibYQh6vFVdet4Ub3Hg8hKDTpuZUapUfwuQ,1233,I,338,243,False,False,False,False,Challenger,빨리빨리#BUGGY
goUYDZw47oXfVG89HsxDuzH2NLclkVGFSbc6QafiIHzS0wMbw6aVjHRngaSiHT5uPnGeJ7DsTcJwWQ,1232,I,412,349,False,False,False,False,Challenger,85768#KR1
kcEMjeGcV0AKU5pOIB0TApn7MMB2FSH0W5LpYZteor9RjlXfS8qL5cG06-hUYiobeAtwy7iypdWdcw,1228,I,737,600,True,False,False,False,Challenger,작은거인#SOOP
AwtWXlYvI0yJ02OKQek6KYgjjvC0Jr9G6FoO0obnWfhWmpsIFctW1_QWjD1pOYCZ2VW3XYt2m8ym1A,1226,I,496,467,False,False,True,False,Challenger,Grit In TFT#Rank1
PrOkYi9h8KAhOgpdlEcKJw3hBqCGJBT8DwSqgrX5ydMlH_IxGwYFMjWpI66gIzxOL6Wz67lRlcrZAw,1225,I,659,613,False,False,True,True,Challenger,Shako day#KR1
NfTk_WQBEbXV_NtchZnTgQa2bK6rmMAhyYPCMHelgoKbTYf8PWE_Ww0J5JIMeWbcujOHU_te04rHdQ,1225,I,249,195,False,False,True,True,Challenger,인재성#KR1
sUhjL_HDK0iCQGKYXoEVSNpvqaIpjg34BkudJQDasOdvLEInQ8oLxwzc4VV36R2Fus5-PH3x4Sxp3w,1225,I,169,111,False,False,False,True,Challenger,녕 준#녕 준
Qinlkzveg69S0a07eGP39d5wwb54vn2AYdKQfH0jXX6y8JtCNWWsieMnFZUpPV7J_TksVepwankFEw,1224,I,267,223,True,False,False,False,Challenger,새끼버럭#KR1
Wde6yIcR6htmMEluA2tJMo_C5uIu2FP406dkENCbLLba4OEgjviGr-b3qtxQVFnF-b3IDxaj-vSDbQ,1223,I,324,273,False,False,True,True,Challenger,천 검#달을쫓는별
5fU1IwzJMqgIoT_ywuYPStHo3XImKC9qR6ML-gcMwPKAcKj69A-fchbK6mW-wy9cj-FwXW65RPU8fw,1223,I,314,247,False,False,False,False,Challenger,Yoo Jin#KR1
lSFkOx9rFTwwzGd6A6j4eXuHLjgY_eDBYonX0Te-tPAXbmeeJVkcbtcI6RZZgYZGSrnSQ_-zfKhazQ,1223,I,191,138,False,False,False,False,Challenger,최영보#KR1
PpGHszGC9n8WLMht8kkflECfCVb4pmLW9GsIZEvYF86iDtAIwBxE83jxDq7x9W7APdL6EI7Str3UDg,1222,I,294,233,False,False,False,False,Challenger,egoist#KR4
2NXOWnTTWUhjSjyovfK12kf56vV-aT5mHPWQrEg3alzJXrW3j3VB2_Qgh7hx-o01WqdYYuUhiiFIWg,1221,I,111,51,False,False,False,False,Challenger,준서요미#0718
s_0pqVgQOoXJ9jCHeyrGhP6jt85t-boQGHV0Zn-wWiOC6K8BHzwS2IK7XYtoCfeI5OQtrPLchCvYWA,1220,I,287,227,False,False,True,False,Challenger,iwannabeyourdog#メンヘラ
EHCM7Y7ZaC2d3QZDZMd01lfxC6DVtjflOtzp0jeZphUD28WD_n6T9vU17YxG25LL3TW8QSRSScJO5w,1218,I,250,193,False,False,False,False,Challenger,그저게임가지고왜#KR1
kzKftgMRp-5NSKPvYZnrne7g-VYYgaR4O1D4KVSmn_fPnVzF7wfpCnJ8m9cMSo74eMPH9wGcc0awUQ,1215,I,371,304,False,False,False,False,Challenger,말랑카민#KR2
gncQ8FVoVslKV9WsQ88FgEjq2VFAuVV_3qfIxb6ze1xFeXSEWaVEkxHYOtSIyZn83kZ4e_OACX8hKw,1215,I,222,134,True,False,False,True,Challenger,오자내미#Nofap
2ZCQ8qfKSAtHWER5fRzRWpQHBg9IWiDXHhvXmWDZj4BgGEXs5peNX1J6Scv3JreP2nNUIzuO7KRVTQ,1214,I,232,185,False,False,False,False,Challenger,팥죽팥죽팥죽팥죽팥죽팥죽팥죽팥죽#kr2
YU0V37pkxYxepny5pM3JeT0jADU3IWnirL7nAvrPNenTKZrf5V1Ub8wblCQCthtq710wjgo5x2iOeA,1214,I,114,66,False,False,True,False,Challenger,힝 구#HING9
5s-eTzJio4JEPqLLVr3xHzCaZBCn8CL_AxtJBZcXebrpXnxE11FFclvHrF6LBVXQb85VIqKUXh7duA,1213,I,354,298,False,False,False,False,Challenger,June 26#HBD
n0BbGN7WgupW-mOG0OsV46SCQxeD2fXSBLVK7oeWclVdvBxnVQfPkEfw-cwfafVv1H-fUdRw2MQVSQ,1213,I,155,106,False,False,False,False,Challenger,윤보링#KR1
4tiAQVweiKANBXNHsqUA5HxOBmorkNAiX7ova3Z2zs57Qew3F_bDcMkJjk52LQGed3O8k2N6otbKyQ,1212,I,400,383,False,False,True,True,Challenger,Teukhan#KR1
cjnqQshO3EZoK8-T6PhkHDW3BVqhqlR1fCZOKdjf4zFf1Z8n7kdwE0fZ1wuHTVk4ebIexSevXnQD8w,1212,I,343,231,False,False,True,False,Challenger,The Smile#겸댕뿌잉
y4oCksORMVOAEcZLuVK7LO-UuGPtyWf88gLK1dO5Zc4oKGCgL1iIeeWAic4r5lDMyyTv-jsSro-PMQ,1209,I,365,295,True,False,False,False,Challenger,Kanau#0823
jHZ4tMAH7RG9vv4gwfhFk96D4wmNnM8BqsGd1hbGAvNju0zu3hfHwiwREt-5s2YGZGW6B4-mltMEbg,1207,I,353,244,False,False,True,False,Challenger,메시1234#KR1
nQyglaUx3zfMpVE_oEDJyA1T9YfutYskBtnaCYFBX8PK-YT0SmKMEt9SZus7DW-mUITQEtXjNTWUsQ,1206,I,175,121,False,False,False,False,Challenger,무고사#IUFC
O_GXJOPFpy0ICR0pVMCdxhpMniY41hEn5q_c1fr247Gc6Uhn6_CG_HAiSxwKYHCsFHdV652JO6pMjw,1205,I,448,361,True,False,False,False,Challenger,챌가싶#롤토체스
3MDqlbOtTyQgVP7h9wsv-cjBmZ8tnZQ8nF4VcZabJhsCd1Rw3Q2J1FPxTV7m-n7IkVJ1Xq7U560Y1g,1205,I,114,59,False,False,True,False,Challenger,김가루집사#KR1
tcsT1Qdz8bHfHint6Tx289uDcAgHbUj_c9Wit-IGDekLj2RylzAoUDjA_qDGVdDoOnLbWx_LB-VBVQ,1204,I,175,119,False,False,False,True,Challenger,뽀또대장#4390
Jxr6exHon779zwK2nIsEc1m6DyYGIhSzB21I5e7xrOPFC6YOSSd-cCwk9zccdZPxpqmmFYKXlP8SPQ,1203,I,266,201,False,False,True,True,Challenger,The Weeknd#1999
FaViTXzOdZM7UN6umMrxi3XmtjX4IxN6yYQxWqX9x-5wEwBIPjbb5Oe-zfv3Vnw9_PTb7HlEidhk-A,1202,I,394,336,False,False,False,False,Challenger,먹보차우#KR1
vmlqYT4MzBk0BgbP0ptJP9oZKu4XnsBYDY-_qRGRbXYXdP-zJlWgXxxhUV4tQ12UZPY7l1q-9IFIgQ,1200,I,167,109,False,False,False,True,Challenger,한 신#노인요양원
gM2RUaqJFydbg7a5JA4Q7ko7b3JwOaGV9-oxAyFmI8BAmnC0n85o_zyCaMPXKlVJC7qEuthw_QGsmQ,1199,I,230,169,True,False,False,False,Challenger,My Paradise#KR1
qC1iG_dLfT6byb5-DJtNs2ECP4StHQNaMZOa8QdYMsVAqO7yzcnVMm4aQUwEw5NURgoAG3Z5a7rimQ,1197,I,617,570,False,False,False,False,Challenger,베링이#KR1
Qccc8lbaEJRptyxGy-AK9exiL-q4l_pT1qSLkXzyW8Ck80xhXBcEU4rKGTVckJKODv-vGWCigWfAnw,1196,I,313,277,False,False,False,True,Challenger,좋은고양이#1129
nTLPkAxTwbiEe0mV9lfeVWzwHyS2jjCi-qANnPlhZe5-ICTUdrdv10dDedwA1i0PBUZL1FTjGUkbzQ,1196,I,237,176,False,False,True,True,Challenger,킹윤성#2005
zRb09LLDIlALgmrO7AI2V52lCNLf0K15YhEKhb951dx4DgqgPrXZqHF9PxBw0JzOcVS3og8iTy6pbw,1196,I,234,174,False,False,False,False,Challenger,돌고래슈퍼맨#KR1
XcnO3pdQk4MRBY_2xWo3P8zMyXoAHI8wnf0qetDrtrFzg4TA63V--a_gXhelgbDHYKyremjE2UGlXQ,1196,I,152,100,False,False,False,True,Challenger,헤드폰#KR1
nitZ71ArCPaZL4V8MutCP-7FB6tG3NSmIKTdbOkr7XfmSvV0vAtnbng6wU6T4ZpeIi_5MfxAg2zZOg,1194,I,197,148,False,False,False,True,Challenger,소나서스카너#KR1
vtp5atrxB93M9LJrasoAIOavKslesgtH89JWEf8p2LxLBPiawNK_7r6oZgOtfAIAOmN1P4ag8fO2DQ,1192,I,207,147,False,False,True,True,Challenger,잘난 게 죄니#jjjjj
hYRJP1TmHywoY-BXhZtBSW4mjOcQQ9zZvuth8_fR40cIIRGmnJvLbkDE0014etxsLsSjizQE2NwOgg,1191,I,278,208,False,False,True,False,Challenger,Florence#1536
U12QQgQ1XEby-IGxLS-XEMYHLNvjG8OLMvHWwvzOXXKli2n3UCpg_6mxw0NpqNvLW1rA7cxGSHxv5w,1190,I,471,401,False,False,True,False,Challenger,미래지양적사고#123
LKZxx0A38_xbRMaRx2MvVdPl5EwhEjLoo_sSjLpO-4831Py_Zc7lBNHmVl-1lEal-I4ZWi5ukzU7YQ,1184,I,633,552,False,False,False,False,Challenger,크라크#KR1
vOu0fbFiNWtd6QlowTst6ANdQ5p3W_w-vXGu_OwPAqkI9Y-yAxWZOL7UVBBQVwiXO8GS62EjYwJgew,1184,I,228,177,False,False,True,True,Challenger,bbdm#KR1
TQXcIPQP-qz_0HZYJpdsdfTrgPTTynUpMnZWkGP0mJLcjn1UbSnjfdXE1l-RtFv0f1xzZlaCDnFOtA,1183,I,310,217,False,False,False,False,Challenger,TOPPPPPPPPPPPPP#KR1
zkY7C6l0EmFXO8JxeYJD7dHRZxZh00q85UkBWIcIe7z-BZ1h_Py0Kgh0t8Syvd8gTFaCoXE-SjhTRg,1179,I,449,429,False,False,False,True,Challenger,칸 만#KR1
ajRWZPcZHngs49sg4tXedEytCIpqJ2PM7eK8AwO6RaAaTaJpWEeo1ahApscDAk_DKGouqPchirvw2w,1179,I,306,233,False,False,True,False,Challenger,Laro#KR1
tuZ1NdhDnKtxZTq8zN7zIUFNsALoOFUKu2qRyiAFbm0nOz43YCcYFeEjRqMpIvpux3lv0WNhWHp65Q,1179,I,222,159,False,False,False,True,Challenger,호 두#TFT
jTEUSmLcDyeu5Ce2sMu7-rGJqyDFSkOzNnjDROF40XhvVO1jOhSreiO3N28bR0xPekjqDN3V4S0UDA,1178,I,361,304,False,False,False,False,Challenger,freshZombie#KR2
nS1Gg5TBCKNz0SyNvnyeotmJVe59cYBWqul_bHRvS00GEl9nnwY00wjOnywPDah-XCv1vN33kEzYgA,1178,I,177,114,False,False,False,False,Challenger,김서랑#KR1
dNPy5N_mfPNIeZW5GXnzTYJ13Y4H1F9CQPVI00j3G2YIlufd-Bc-9vIDn35_oYqCiAK8nZb5T3xMSw,1177,I,151,105,False,False,True,False,Challenger,뚜 뚜#777
EG4cZ9w974qR4nlokovchTHhzh2wKz94REwI60UdjnaVocjp4ZyBU1P19JFz-jybtJnUlJqd52l65A,1175,I,253,170,False,False,False,False,Challenger,따봉 람머스#KR1
Q8v1t9z0hHi-VoCUHo6U_IErYVj1oWh5XP1QUgFW9lzsS3WH0FXdDJhk8Ks6qgJTOzlVRiExJNBqjA,1173,I,520,431,True,False,False,False,Challenger,Llewyn Davis#KR1
oJDkPWHOu1_UmcU8IrLOoXkgLUrUYNUdwKnBqkIF1zLzDqUIr0Z-rd80eYXaXCZp18YdamRUQztpgQ,1173,I,237,181,False,False,False,False,Challenger,아하그렇쿠나#KR1
4M8-7BCtdS4RHW2yEKK1g85Avq2RM54a_UdfuyjqO7hcAOFyPjDp4NPf4LvVCtBeU5iaFIj88VdEgw,1172,I,350,254,True,False,False,False,Challenger,서은지#롤좀하는가
kG7rPeGov7sgx-lyOt5QzMupPfMpQ82MZLuXt85Wsv9CalWf-6oTPv7Us8rxkZutJBC1LxrsU6Aiog,1172,I,207,169,False,False,False,False,Challenger,꽁 치#파다닥
Zf7rGiRLZ4-NyasgofQZp1KaiIWlhVADVfk2sRd-nmRu1nCvHNclPLPNZEDIStGb7BE-8m0Ssr4-EQ,1171,I,433,405,False,False,True,False,Challenger,씩씩맨#Sick
v37OUNIxUPIqj2F9hi04XsCEDsiYfcB6ZOA--6wACrI0J_h0LX8xjlQBeFChfAE7bPbVeGpqpJ1YQw,1171,I,308,264,False,False,False,False,Challenger,pooky#푸 키
ktlPfQbpU-bXpif1u5PieWYbdzY2blqd6QmIxBwV5v-ijvqSJCR2ccJiPrIw8NMwKvz9Ng4t8XNRfw,1171,I,239,170,False,False,True,True,Challenger,덩크왕#다리우스
5yUJTGhT_oTIpOKbb_itnlIy4jfxcYKU57PbXtOLvcOsV4MMXALMq_rQq0nsrouDP2uqXV66a1nBug,1170,I,132,78,False,False,False,False,Challenger,Shopping Cart#KR1
GB4bfS4UeOn6sl39g6OUl8supAwK48rwR7iJ015bhv4fr9fUkqbqwy6xPvehXkOMp3BxfqXYYBE_ZA,1169,I,353,284,False,False,True,False,Challenger,rush9#KR3
TdN6ENHHvL0Krs3WttrgCFF_7VHSZYodm2fjP4Dr51Fv4l0NIUuj-nNpwZqlbfPl0SvSDKPb5OD-5A,1169,I,296,250,False,False,False,False,Challenger,의외성넘버원#0101
VYf43dj-HDEhdfBaTrH-LqYzYLLGVaG0nQla0oIS5PLedaUKonJIfQKQIeaGEI-IHkJxTNjOjhrU-g,1169,I,147,94,False,False,False,False,Challenger,Mortdog#ggwp
4RHamTmtLOQRlLJYdTeIJC-cL3mw9gf_zFSij2URNtRZd7g1d3JgHUlzVIeRDvoXKDUxdQS6D4w8qg,1168,I,308,260,False,False,True,False,Challenger,단디단디단#KR999
wxZFoIuIqfKrCQef-2bkS2yGCT5qSXOAhKFy3QuM6e2rkH79ztSqQvyUOj5CXrDwxhkmYmumReqwDg,1166,I,490,410,False,False,True,True,Challenger,Seuung#KR2
1iMjsQtYQsiFB5m7FSGQvksnrABSOEX_-9fFtG7pKcfQXo227DvlzQU0cNrt7JXLRj3EuDtuVf--XQ,1166,I,262,218,False,False,True,True,Challenger,시간쫌만돌려줘봐#KR1
5NNLPLuTpNZogfWi06G8pN9PoCxN9uGwSJo4QCH8m9KAhUkeiixo2u6TfjLw-xsSuPTHz1Udtu0Ksg,1165,I,365,286,True,False,False,False,Challenger,Verdi#stiis
zzkJBgzhuHsikHmET27G399XNeS9dKeHUjdlwY55WAha9u7e6NQrImdLcStAXd3qxasEhqjGMmcFqw,1165,I,163,104,False,False,True,True,Challenger,SegT#KR1
TAgYOwqTV4jEOTu5RNdgHLDZoA5wnmVYKUB2TifMm9y87DI0rwbdTXHdD8yCuFwte9jIq-gptkUJDA,1164,I,213,171,False,False,False,False,Challenger,잴 링#KR1
IvY31nQPEUPKX0QBvJGvBeojLipKifYholeihrgxTKh4L1Y-OP1xT_Z6-YNNTvjyxX814lcvqHSKlw,1164,I,144,105,False,False,False,False,Challenger,lookin4attention#TFT
q8ZYwEZUEPVs0Zr9gVA9Ry2QAgWM-xa1bbqfkxJw1NuRhiU5pMCOK6ITR8HVl6FZaqrnpLdKZ8ukLQ,1162,I,339,320,False,False,False,False,Challenger,오퍼트류#KR1
ZK-HJFdoLM-YJUAET5DF8xWOWbGPBA9CbdZ3weFGCRlr-ggu1uReKlWgEww2LiGfPNZZvAOiR2xiAg,1161,I,256,222,False,False,True,False,Challenger,필중짱#KR1
4n-XpArAdaxEY4_HF7H91u_8uN_IFZpOEK-EhFFZzWJejetkomFs7OgZJZkHYX-9k0O9kK3jR5VXgg,1160,I,449,401,False,False,True,False,Challenger,국대 원딜러#KR1
3nuTuNmFV0KjYciD6Z-huCRVVqVBCPYT0eUVyPsGRhy7N7KkNHsJo7JMFGnuCJsxQYVXWLOSu6eScQ,1160,I,297,240,False,False,True,False,Challenger,신상가방#KR1
J62regweSBjArC94ArMToOKe6jy8BkTrBGri6j4wEq2Z6aezE8idaYo7Ub8fUcTMtqhO2-FRZ2YTiQ,1158,I,434,370,False,False,False,False,Challenger,비로디#acto
ayq06sgJkoK_cizx2ebsr6bw0gwO9Cxnyj5tSJMT3fTMztvSRlhmG5GS0HNV4uIZa8_qjCjbcYJcCw,1158,I,366,290,True,False,False,True,Challenger,꿍실냐옹#슈퍼이끌림
DNFvs8zu-ab55badYeoJ3sXIipD31SW8QtaaUm4zAyx6S8fjoRJsBSyJZ3UMDLFB8oX7BiMB3JuzUA,1158,I,257,187,True,False,False,False,Challenger,Czarl#KR1
Aco074Ji1we77fOneFLpcc1NJWm75cwfuL3mGBOEuuBWETZmSuTu3TKczcksZFqrs2P-7BbkbGiLEw,1157,I,386,320,False,False,True,False,Challenger,Seize The Day#King
jaKNgVoAk1XbazC7oAWu7yiXgl5OQ87gKNGveK-aFxWf0eJPKTgdGPMaApO6vFCnnD5RbKtqq88q2A,1157,I,284,225,False,False,False,True,Challenger,펭구3세#KR1
1s3h4Oi1jFIitfWBGMLSE9ImI6eaRk1-Tp8PMgiSyJb1k2jA6GBxPbexCi2u7Qbywpmg4J_g5PRGhA,1156,I,417,360,False,False,True,True,Challenger,심소빵#fan
ypk9YUwZqBHjFtAY0B4yX1uiDeGhhx8zHfyg_00WWegUqZD-RpqDrsEExqs5XnNCRhTGi4duW9MLIA,1156,I,370,326,False,False,True,True,Challenger,들판위의양#KR1
IYF1S6ycPsoFQnP9GiNsKof7-D1ubSQyanns8wGZY-ut7aK5YoxykjNzCyzzXkLQPw1QDlrYCkKs5Q,1156,I,235,193,False,False,True,True,Challenger,수 영#KR02
5aopna3tMTM-qRUAboGt1SMogByx2QzrmC2F3yxR5QL7RsiBs9tsTreQDEVwpuDKRryEPSyt1Mgucw,1156,I,135,98,False,False,False,False,Challenger,종이빨대의안락사#kr2
G8g6s-gr9TVjDoy8YM9PRVWetbEFNIwFED3npweNvgxfPrhIP_bZavdnEFPU3C7LfnIhqw5WDfI9_Q,1155,I,577,504,False,False,True,False,Challenger,어케하지진짜#KR1
1MDL78P8vDyUyjmiCY76ckr6_89nswMdju0FSqcHUwMzb_qCsbzbUDu8UqIOMfS9ZvgGT_GNf5PA6Q,1155,I,424,347,False,False,False,False,Challenger,길 영#KR1
FCnYSpl8BRED3I1GUJ2cjkXE8NiA6FiU3o2oISMCnLnnVcknuzUF64mf8UQbsSs57vqhOShl7oD6wQ,1155,I,278,213,False,False,False,False,Challenger,beardog#222
jUnzw31TFzD2xC5Ib1GkuKmHn66VLZQpjzJVU6cT21J-yAcN5MplPrjSNl-m-__td-9D6PX6TbLKWg,1155,I,258,202,False,False,True,False,Challenger,언젠가는잘되겠지#KR2
T3sJqPgEjivC1JBzdP3ifgy4FayV36oBZ7zb7G1BRrs7BHB7vsvGWA73Nfaf8o6JZBcofKKYqdByKg,1154,I,176,125,False,False,True,False,Challenger,순수하지#KR1
AylpNiY5faCbT3VXUsE2ba0sfQkR0YaL1sk26J5lYM_ImQiNmnJ2xF6fH58J0qa7JW3Lan2X19c6rA,1154,I,157,112,False,False,False,False,Challenger,개못하니깐#KR1
6e8k4IzPkZs5xopm6vNVAMs30FlQpvf6xIPiO_k0C-4TFj8WPwjvA_N5pLkebr6eu-NDEeXZnrJdMA,1153,I,524,400,False,False,False,False,Challenger,키리기리#kiri
746D5NMaT9OJLarswjkmuIXoi03va4-VCf2V2rDKFW5prVGYalo_BGDlTzZ_BfbzDXTW6gQezgFofQ,1153,I,360,341,False,False,True,True,Challenger,물냉물복민초하와이안피자찍먹#KR2
FxwY-RMddxxdzDYZRPr8lnxkNzOqlNhKGAF0idbcdnmeNWnnBuCCy3vvmt8Pshdf6nu6RgqJpUveHg,1153,I,297,240,False,False,True,False,Challenger,Coka#KR06
kDx0MlOL0S7IklMkfv6NxJV-I3juIpbv8cvzp8FZW3hDS56inxGbbcKB0iHCrTCMWgN1MCwIZTY7gA,1153,I,289,245,False,False,True,True,Challenger,쾅상묵#1997
sVv7nSFqsGwbFI9fMb6zLwcOQ27fQWkFqR4NCH_d-2Gg-YrQvq4eKWQqKds5SSQHl7d-eiuHOJsW_Q,1153,I,132,60,False,False,True,True,Challenger,보리양#KR1
_XIAvVhTuBo-F0Bbnbq-KEnefJ-yKHgqPsvJ1OYV0o86xBNDxKy2GtiMEOIBV_4O9hFjHu8hEt0ncA,1152,I,130,84,False,False,True,True,Challenger,서아민#TFT
tgLzVWXJxV__P1mI39pedHCIwhNTqIFf-QlzFbKBNsOZU1exDYZt1_xHjez2JhC6lhj9MBT2u7ZTfw,1150,I,161,107,False,False,True,False,Challenger,다음판올인#KR1
8NX98uVOmKE-S6SX_18CTy_qIy3Fb8DDy0kpWL2JyHovzp7RZrTHQNaDu5dz6oDpFgv0n8idE8hSSw,1149,I,467,428,False,False,True,True,Challenger,궁디궁딩#KR1
iSd4Xb_jE7u11lJ-3gnc2CMlQLGA7IAAvYjEvfF7zlJvKwxIRS3z9dSBQXTe-S2TH8uH-dlBHM82kQ,1149,I,349,285,False,False,True,False,Challenger,럼블님 #KR1
pmMlNPzti5W__uMjTgZyLF92h630FyX-s01-36vLVREhYK5wjP_dq_aSSBOk8yxJSiUJEHSuekNlDg,1148,I,759,590,False,False,True,False,Challenger,환 희 03#SOOP
FX-e1ugFgBi2uXiX0GBMwR1CRRVRfTDZRb9ad3EIpeRbqrpy9YlWHvOcngY0ssb8ghUVrVxz4baLMg,1148,I,315,187,True,False,False,False,Challenger,페이도#Feydo
19x_jOLpVH8ODu1v1_cJiZ9waQvTJi7P3nyJ53CoYWUDoF5Q7jMGfNxh6sD7QgCX-j1_Qf3zX54yNw,1148,I,114,63,False,False,False,False,Challenger,바지속 징수의 총#KOR
4ut8o4xswO3aM-9_-BP-zLRnTU2iGR9-OF1UorfpCnd3HequiqqkFqShhxFYot1z5txQhcsYKXS7EQ,1147,I,419,371,False,False,False,True,Challenger,매일죽는새끼#KR1
nE4W-6OIxE68GNPcbLlqNX8E21hvQuYEsSRxsM-hNIi4F4vVGvkG1DGXTCHIqmQZGWNKgQm7JwP6ww,1147,I,352,311,False,False,False,False,Challenger,롤토체스박사#KR1
VvF7a2iRTFuhI6o0gP21epS2ISh-fZt5sTXYspVyA23m_f33ib2wAfBU6H1m5zKHsQD_ZQ684gAuVA,1147,I,343,265,False,False,True,False,Challenger,싹싹김치맨#kekw
oqKiHQd-fyWyS6vWwqKv0VyHy2nHzKOO1oRcwo2UFHqpiTZ5b8EodlZCBdAnK8LAVVyDxdhEvATxjg,1147,I,269,213,False,False,False,False,Challenger,석 훈#1230
LGRB7pLnwuv5KQsMqQDA0j77N_Vx5tsqAM7l8GoZyE4oagUznYO7rzNI8yh0Ct7YcgOgSNGXqlbIzA,1147,I,249,182,False,False,True,False,Challenger,전설의 삼촌#6712
7JUKG8jG49yGDUNXsz4FacxZp_-SIPBtwW3G2rjshOwb82OCW4dPB3AUNhXpbsTuJ-CAu50AxX9CBg,1147,I,223,160,False,False,True,False,Challenger,슬슬버스타볼까나#KR1
oxMNLhvohvNLwKz0KgZhQiDvbOMFWRyewnjnzbsB27u0pCoVnb_jHtvOPubSibmlev09VKJOByak2Q,1147,I,214,155,False,False,True,True,Challenger,계란야채말이#이병건더기
FSNq3-SwQkeO55p0mPLqh68tKlK3ap5AHBy8mggVbMFU2NX8JDs2zlGbM-v5zZbKcWmaXKgmSE9rhw,1147,I,142,97,False,False,True,False,Challenger,mxncxan#KR1
ghKWnfVn7vlXob3n0pDLKG9ImufnBmQB3JaVPNQqamXPswNHAsVNfWlttnV5DR_O905Wjf9PpDw4EA,1146,I,400,358,False,False,True,True,Challenger,찐짱이#620
MKVg1gkkcGMvZUEh8UyIFTH_QZX87sET7nChvDtUP0uxy_zQ7geGuRrdGjTM3KZIbB3fVB_jFbIVmg,1146,I,369,322,False,False,True,False,Challenger,IM DONGCHAN#IDC
epKO4rM3OcCiO-ydCJ2rXWoGcBAN88LQNAdLyoIrh230vLl6ririzPizWO-hgVMWIY67dEayW5Q9Uw,1146,I,352,294,False,False,False,False,Challenger,가끔롤하는사람#KR1
Z6NH2nPoiQ6cAZEwrYJlS3myDb4BTpjExOxYcWr0Gk9tyJsHLGqxU0hVN19Rmy1NtqlKVt3o3FRZWw,1146,I,337,283,False,False,True,True,Challenger,God Of Steelo#GOS
AgdIQuhMWbQwspuchX806OJ4C6fR0pqBev7DZiT97RlrYuIeY5mMNBwkBOaUFCIGQJntrFRqy71t6g,1145,I,289,268,False,False,True,False,Challenger,휘동휘동휘#111
aRCQ_GqH1zY94jrAScDdznXeiNYFp--5z4W-x3S7BB8G7MKmQtFi5xstsrO9IzmnMv8exUF92JnIhA,1144,I,528,450,False,False,True,False,Challenger,리로두#KR1
1L9d2CkqxrfF7q-sGu-zAWexdsMBcTrwXTcftflHtAPYUusUNcTSg9x5ZZD7dMhM6Yqp7xhaxl2dtA,1144,I,355,329,False,False,True,False,Challenger,배 추#KR123
t8N_AZ5_BMJd_NGiCJCnLENIq0AExqlAHTht8TZ0ycspv2CG6n7zGjSALboU6ioLinNpMr51LI0iLQ,1144,I,319,260,False,False,False,False,Challenger,사이언스웩#123
zbFzd5oEvmajt2q6YF4R_uNnqc9COisfe1f32y0ysTsQ1cUj-D63llN1qEtz-OniDBSkCfdlJ5cIqw,1144,I,310,247,False,False,True,False,Challenger,ytmgang#0823
Av03AlCTUzy-HPhYyN6VijRnjwx4HpuX8l58pO9p-YstzDJvb1KUKkB2tRqvxt7K8wzlyaaLyI_LWA,1143,I,288,241,False,False,True,False,Challenger,명석한 두뇌 김시우#8601
nRRNEL5puG2DATD2pOkYF2Jbj5RYfYf4LdbqqZyHveUpjbOfeaheh1Qu0jc_9A_wNr4hITYijQuyUA,1143,I,230,185,False,False,True,True,Challenger,표 면#고 래
oMyiV-xifOn3QLAXX2YQGfdRMIyc2TBZdvZJRCZQGwkB4ezi7ZtP174HLhf_BVZid6FpEojDZM3NeA,1143,I,221,164,False,False,True,False,Challenger,메릴레토#KR1
2QjApGFAxGciBLba3nZo1ujLwAuwbCo3IiM-cDaPteqtKI7XfalVXMs00Qx3CMK8x5ZIPRqEp3VWIg,1142,I,128,75,False,False,False,True,Challenger,대추차차#KR1
7wDVXKKiGe2yTPF54ktq8tKnR81l2vVQw3BqNcBI9L6B2kfnOTifFk4jYjeNDL8F9HrRzCqggCLPKg,1141,I,365,299,False,False,True,True,Challenger,치지직 라 비 라 비#팔로우
AB-Uy5MfoNtb_au1nKCVwMUMPcetbsyng56MTJtlyXtX-zHozJTXcRW6N5y_j6WfXJmoJ9R1jXM7Vg,1141,I,220,164,False,False,True,True,Challenger,コイワズライ#TFT
1CbIHZyXjfQ7Xc-OdNTRximuEfmDuDccws7faxUCoOBDIldThqEDa0Pv7MXehwOH4Kvx8dP2zjxDCA,1141,I,170,117,False,False,True,False,Challenger,롤체 하는 나르#KR개뽁치
yfKEHS6H9OBTgQwQb2qGRb6NLHMKhtimpCBYlkQqAmV55ydBY2q81IKYgoPfBGyghnaCz2dIdofPsA,1140,I,379,304,False,False,True,False,Challenger,어쩌다보니#0828
TsG4lw_nL7Y0D06shEGbREbnYPhAJUtszBiHsZSYFg-degTRfSc1xtiVbdlCke2s9pA1WDx8oXW5OA,1140,I,316,276,False,False,False,False,Challenger,온천이#솜털말이
Bhii-O4FzqgI68pYoIFrHJQP2MiNnJt5HhlB2fX2kOL4qM60hv7EQtDslZ5pK7squjQ-gMR4o7f-Ew,1140,I,201,163,False,False,False,False,Challenger,고구마대#KR1
5hnLvNR99oPaMuXYG7Ol7yBLTMSdqkzI9JPH7kMJJNR64lQCGEfrKA06_BPh127yYqVNvPhQRRtSsA,1139,I,502,463,False,False,True,True,Challenger,선출이용우#2001
86-XAiA6Z8zu7TwARH8184jRrEPCnm4idSR6Tk1guST_yfbi5l__x_ykTzco1BVp4AKgpeo7G_KWvQ,1139,I,361,290,False,False,True,True,Challenger,JANE DOE#ガーベラ
4fDe9iE_HSRvy2CMzJg-b8078rA5-15Y29D5y_FFL2CvdxqyndkXBgTXEAS3PbovhwTAIRDaS6PdEA,1137,I,526,471,False,False,True,True,Challenger,김애용#기매용
NsMAxRlEeePxQjA8GaC1u-12Cm-QhzAFJGlusdDSff_K3WOkiec9OBiQB_O7v4zeTPhGAAbyFsc8mw,1137,I,424,360,False,False,False,False,Challenger,KAST#KR1
EVaRBA4vR2FSeJ8YU2UkvL2rK4p2iPlrHxv09fmUHsk8ImRhD9NZ_9zLA2wF2-Z_I9ydnNWopJVWRA,1137,I,319,251,False,False,True,False,Challenger,너나너#3354
X5vQZxFcNKnwyFzZ0PvBHCqse1lpDIELyvG1Q9hY3fvHnXeDRqO-0btc6dgBxJhd26vFdszostmrEg,1137,I,307,241,False,False,False,False,Challenger,살아라 그대는 아름답다#0104
pgKuXV6TJHM_9RbpJof5s5KfPWe5C-6jVGEEaIRiK7K3i_zA626GELHaFlWt6nvKKj5lz3ZQCPU3KA,1136,I,331,268,True,False,False,False,Challenger,빵빵한가아#의대생1위
XnSaah3P5VQN-Qhk2KUp7z_0pXuxlBsCvAGgdVzOpEHIZpl_MD8xlV3iP1i4IbQeNghL0UxT2vW8gg,1136,I,299,263,False,False,True,True,Challenger,kanye west#남동후
_LF1pLVme_UD6Pfs_qYdrHXj_883oZcEvnjaeBiDglw_dDyzT6jZ2YsF6Svkr4O830z2hlg0UkFgeA,1136,I,277,233,False,False,True,False,Challenger,비니비니유비닝#KR1
dkYPO39bL-S5MW-AyT5gXoBr3HOtdqDjSMT_uirrUyFc_kQwwbXBxj5jYsrv7dZibPtFfhrdLNmHmg,1135,I,631,596,False,False,True,True,Challenger,시르빙#KR1
xfqj3g6UW5xlyLXdSmOZTiYtN4kOEn4bb5h1pLLUzs7XBpsyQq1PPs3ujlfs0qeoCVL0CMV4ito2sg,1135,I,141,85,False,False,True,True,Challenger,ZEROID#云顶之弈
Gn3QSfnBexwdj_7F-AnoblqM506D9nNKSlYrQkuvpV2s4iBV0tGvTy2x4JZeGXtBy7FjwYepZDhwYA,1134,I,310,264,False,False,False,False,Challenger,선택과 집중#focus
KzvXLxHTx8Bl4zUcUKPZjMYdnhC_TPVmhmlsTrhnMJMly7i4hNG7ey56b2TYlt9PMRizgG2a-HEX8w,1132,I,514,454,False,False,True,False,Challenger,하 재#haje
AtTtSETmkH__kC0-wSv0nAmBwfhBPR8Z-ckYckbagjuOoGKSSUhrjhYvFYrobpcXNynD65evRMxyKA,1132,I,300,256,False,False,True,True,Challenger,PERSON ZERO#KR1
MwTpSRGojOz_q3JTbge3QZyaNcsMVqn0NJeHc3iegfbMK2D_69Uptykd2v9BDMuOyYQqpNzx-C9lzw,1132,I,184,140,False,False,False,False,Challenger,외톨이#혼자서
5OQxNjRT95rQ1uv68noDWwnMIGqChuRA7WjnXEf5TYr1aUmgh2FD3HBMmQA2dLEwwSa8LXAjRpgY2Q,1132,I,149,84,False,False,False,True,Challenger,바밤바론#TFT
yff92yUq-qhg9BPy1I73OHXl2ttrStL3yYaE07Nze5OovguKcR65irNF46E5zpsp7w8fN-2kbtidcg,1131,I,266,210,False,False,False,False,Challenger,난 잘한다#111
jIvLUV3u1FfdNT3YFPg1j1H0D4t-hJxgptJwqZoOVNEAClanuNq610_8U0B6QSfEJE7EnKBDNjBmVw,1131,I,114,52,False,False,True,False,Challenger,컴뱃100#KR1
29QOorU2nptUu0U2erUUSf9UsjMhfpJRXdMdqqQumcCI6AW1S8_W4kZaII7LuJw8RCYuVJLWLjMo_w,1131,I,95,45,False,False,False,False,Challenger,김제리#제리타임
uhiQBBPlNo5WFWhxvogxtOUIxepbXTxOD3Mnc2uMhmD8f9kvImu60OYdSzol5zswxpDCSRD6Qw0nzg,1130,I,422,388,False,False,True,True,Challenger,낫 투#나 뚜
5uEoedI-8SSb-TP3YxMlv9K7cRLtRKI-QLAiZfPHdRsB_QgVkEpAIZOtpy66OIU7bZ4O14k1ShcRMg,1130,I,274,201,False,False,False,False,Challenger,너 제법이다#KR1
6yXFRdsRDxbws3tKydEYGBXEq-pqG1fAErFONs0te9ksxSi4o5ylvIpK8pLVhsL1hDBhwkg5Ka15Zg,1130,I,237,193,False,False,True,True,Challenger,최엔비#3866
KRmJ5RdLaQi5cGx7k9m2aUaBs1uA3kZsMH0rU4UyksPkG-QeQMUG5gUlw45NSjIV70Hq-gcANWTTUw,1129,I,475,413,False,False,True,True,Challenger,정동자의 부러진이빨#1818
nmpSJUnREnfeU2IW47j5Glp14gdtwD98nNCXUliXothYz7x4nPA5N21sYbZySJ1lDcm1qYob_rIBAg,1129,I,195,145,False,False,True,True,Challenger,wowpizzahouse#2862
Z1e_YqxqeNYXqFMKNwvBv4ZWyAsvsJ3Z6d4oBLKco3CMpwyRZT0qomzFkwm5I0H-v1pSIRajPWwCzA,1128,I,281,235,False,False,True,False,Challenger,NIAGA#KR1
QY0fmJi5YQYhSs1eMkXU4H_YVN6ekkOPVPLfYwu_Fisbkzu2ibDjo3IIY2_Duk3yLKY0Aj-_VftIlg,1128,I,220,166,False,False,False,False,Challenger,You Kn0w What#8173
lp59yfvkRp2jWo47Z9Yb0rn6nB7E6Z1Qet3INS8k30syHpi21I-acqreiBGrGSAq_b0pXKBi6wgOlA,1128,I,175,106,True,False,False,False,Challenger,꼬꼬라면#KR2
8_b7WOwfeTfqD2uqReoW0bvRk4GsCQk-wpHpbYlf0GgSLAgGGCoNdHTIsaxeLxFk5nbzO-BopknkOg,1127,I,367,320,False,False,False,True,Challenger,이거버그야버그#KR1
SQ8miveeA9TR2z3FntPWe4tJFtajjRF9WRTm_liTooRKARVCbl5HQY6mPglYzIXembUyhy0vJVJ5uQ,1127,I,214,160,False,False,False,False,Challenger,우소쁘#KR1
iZcn5pnnMUl73wfyqTnuEKeVmXTMJvzmfvPnQuyJ1sKOu6JUG6Tr_E3BcAop49QZX7IpXKXp7nTdQg,1125,I,231,188,False,False,True,False,Challenger,AprilFade#KR2
ofYle3K2kkM8MFheQu1uub315p66AdRcNVfgJxk8NXNLEXJGZ3HR9a93KZDUQNm8Dktzugk9xS7J2A,1112,I,673,614,False,False,True,False,Challenger,블루드릴께요#KR1
bnWjCwxiZP_JySvVE4Q3cpzRz7W-UK8GopbBnpgie4p2xr9CKQMoX0a4bH2TkUKwuQoulEWiecQKlQ,1107,I,253,225,False,False,True,False,Challenger,나만강아지없어힝#0716
iwkGWGIxTi_oJfBiCfWPlxKxFXJGfN41101nROXV1S257miKkRZ9FSZ2wOLQg8NJzokgQCNFQXRNRA,1105,I,258,207,False,False,True,False,Challenger,따라오면지상렬#앙앙히릿
9pYPxWNi8ofWlDtL2L-BNGFvalbCIRSnqRyDTJM7Ob7kbwJGcoFdsSggIu1BtRZf_ROeE_JDRfo1JA,1099,I,594,511,True,False,False,False,Challenger,노련한성호#TFT
zDyAVLUE6o7jnoOEBg7nSmFMHpFEOCqO_J7EL8w7cBPei0MUoOy-ghDpec4Nvi3ltUBjQUU8p5gRTw,1088,I,237,207,False,False,False,False,Challenger,페이커호날두goat#KR1
B__LeYsPNy9_DPEs1slW6oBdQWcLWJZCoZxQCEsHkQW6q-1BVnHbXt7z9bHiA-6lgvZtW2x7_jmifA,1081,I,257,211,False,False,True,False,Challenger,친의친#얼간이
HBMvcIaTVdpKvLshf9xf21IuUtzIYoLoNz4PHSuRRICEQ6Ysv5Gj14F8qnDNlRO45_C3dEAjHp-bjA,1072,I,450,429,False,False,True,False,Challenger,Bktherula#777
QkOiRajijFx3SxwL5ZmkI3AP6Ur5hkWlf4mYC5xgKCxfM9MogBQv99Vi-YUaa6NTyF_t0Isjp7zQug,1049,I,550,482,False,False,True,False,Challenger,이동백#KR02
RJ81AQHRDZ_K4ZfhV8-GgcSlbZL7nQxTDivAldjtNBp0J-aBj4Ah7zfTS9bZKxUFLfsyiXXzz14WuQ,1033,I,657,598,True,False,False,False,Challenger,wkdud0118#3859
0tdRgQxo-UO_ovOOcXrnkRZRuRf480e-jNvaUHlLIBN8EVuwq7XFM2BwbA5Vd0f26YLucdgNfPThZg,1015,I,503,436,False,False,True,False,Challenger,3Chon#KR1
oMuljtnRmk3DaiPhNvuOyUrXNvp1hgzntx1BD71KKqgUXxZXlctIZfdxviHsadlvWAQxS0vHXavl_w,959,I,509,455,False,False,True,False,Challenger,Carrier#TFT
